year,month,start,end of period,sales,value (E),unsold (Kg)
1994,1,1/1/1994,31/1/1994,436 792,732 324,41 754
1994,2,1/2/1994,28/2/1994,473 758,807 406,28 020
1994,3,1/3/1994,31/3/1994,546 170,988 522,42 205
1994,4,1/4/1994,30/4/1994,459 615,940 744,20 357
1994,5,1/5/1994,31/5/1994,411 415,809 627,23 613
1994,6,1/6/1994,30/6/1994,306 560,524 344,26 572
1994,7,1/7/1994,31/7/1994,301 890,464 528,62 787
1994,8,1/8/1994,31/8/1994,260 830,501 353,29 149
1994,9,1/9/1994,30/9/1994,361 161,703 725,39 942
1994,10,1/10/1994,31/10/1994,450 326,920 616,6 724
1994,11,1/11/1994,30/11/1994,516 199,1060 661,20 990
1994,12,1/12/1994,31/12/1994,354 209,920 286,24 590
1995,1,1/1/1995,31/1/1995,355 734,806 875,14 504
1995,2,1/2/1995,28/2/1995,382 904,816 306,28 339
1995,3,1/3/1995,31/3/1995,383 923,841 884,7 226
1995,4,1/4/1995,30/4/1995,450 366,974 031,12 098
1995,5,1/5/1995,31/5/1995,371 283,696 207,18 887
1995,6,1/6/1995,30/6/1995,256 929,446 678,37 218
1995,7,1/7/1995,31/7/1995,269 599,482 001,46 367
1995,8,1/8/1995,31/8/1995,302 852,585 078,61 899
1995,9,1/9/1995,30/9/1995,271 167,578 407,13 369
1995,10,1/10/1995,31/10/1995,412 739,888 449,14 480
1995,11,1/11/1995,30/11/1995,399 203,823 471,25 788
1995,12,1/12/1995,31/12/1995,282 041,638 928,25 859
1996,1,1/1/1996,31/1/1996,460 103,858 975,0
1996,2,1/2/1996,29/2/1996,427 877,781 369,0
1996,3,1/3/1996,31/3/1996,521 463,909 744,0
1996,4,1/4/1996,30/4/1996,519 614,1025 115,23 434
1996,5,1/5/1996,31/5/1996,407 720,644 535,6 183
1996,6,1/6/1996,30/6/1996,189 784,360 679,5 531
1996,7,1/7/1996,31/7/1996,263 509,467 409,34 662
1996,8,1/8/1996,31/8/1996,286 206,471 507,28 941
1996,9,1/9/1996,30/9/1996,221 710,448 849,2 593
1996,10,1/10/1996,31/10/1996,328 854,775 213,1 810
1996,11,1/11/1996,30/11/1996,300 185,711 172,14 471
1996,12,1/12/1996,31/12/1996,275 264,734 304,29 999
1997,1,1/1/1997,31/1/1997,446 379,847 706,31 991
1997,2,1/2/1997,28/2/1997,250 852,461 392,7 806
1997,3,1/3/1997,31/3/1997,439 089,818 484,29 232
1997,4,1/4/1997,30/4/1997,302 958,643 967,6 625
1997,5,1/5/1997,31/5/1997,309 495,616 379,15 543
1997,6,1/6/1997,30/6/1997,145 684,303 678,14 413
1997,7,1/7/1997,31/7/1997,232 290,388 744,16 605
1997,8,1/8/1997,31/8/1997,256 961,452 371,27 582
1997,9,1/9/1997,30/9/1997,236 714,523 139,10 323
1997,10,1/10/1997,31/10/1997,925 278,2255 018,3 131
1997,11,1/11/1997,30/11/1997,728 470,1680 001,11 092
1997,12,1/12/1997,31/12/1997,462 643,1298 945,8 763
1998,1,1/1/1998,31/1/1998,484 893,1182 882,8 649
1998,2,1/2/1998,28/2/1998,697 247,1709 904,12 002
1998,3,1/3/1998,31/3/1998,463 506,1165 983,12 758
1998,4,1/4/1998,30/4/1998,497 876,1244 913,11 180
1998,5,1/5/1998,31/5/1998,324 649,727 481,6 270
1998,6,1/6/1998,30/6/1998,150 101,311 142,1 744
1998,7,1/7/1998,31/7/1998,163 535,373 262,1 903
1998,8,1/8/1998,31/8/1998,283 987,591 453,9 615
1998,9,1/9/1998,30/9/1998,285 242,570 864,11 269
1998,10,1/10/1998,31/10/1998,484 892,1109 156,22 028
1998,11,1/11/1998,30/11/1998,644 254,1513 309,41 794
1998,12,1/12/1998,31/12/1998,386 217,1140 572,24 794
1999,1,1/1/1999,31/1/1999,305 216,743 586,3 221
1999,2,1/2/1999,28/2/1999,454 586,1029 270,6 050
1999,3,1/3/1999,31/3/1999,512 900,1259 721,1 054
1999,4,1/4/1999,30/4/1999,360 942,919 847,7 532
1999,5,1/5/1999,31/5/1999,380 066,855 856,11 783
1999,6,1/6/1999,30/6/1999,230 798,445 292,12 342
1999,7,1/7/1999,31/7/1999,198 922,424 091,8 460
1999,8,1/8/1999,31/8/1999,243 066,519 221,12 086
1999,9,1/9/1999,30/9/1999,196 992,451 225,6 109
1999,10,1/10/1999,31/10/1999,393 526,1022 960,16 235
1999,11,1/11/1999,30/11/1999,329 983,872 065,8 164
1999,12,1/12/1999,31/12/1999,252 099,880 068,8 209
2000,1,1/1/2000,31/1/2000,427 641,1039 931,8 597
2000,2,1/2/2000,29/2/2000,333 567,925 082,5 646
2000,3,1/3/2000,31/3/2000,387 217,1078 230,1 204
2000,4,1/4/2000,30/4/2000,316 550,880 295,2 813
2000,5,1/5/2000,31/5/2000,260 341,632 383,2 533
2000,6,1/6/2000,30/6/2000,166 507,407 810,4 609
2000,7,1/7/2000,31/7/2000,166 093,427 562,3 135
2000,8,1/8/2000,31/8/2000,266 741,593 976,16 319
2000,9,1/9/2000,30/9/2000,287 858,617 130,5 826
2000,10,1/10/2000,31/10/2000,354 832,1004 991,13 133
2000,11,1/11/2000,30/11/2000,280 641,824 590,16 548
2000,12,1/12/2000,31/12/2000,299 529,1088 368,12 967
2001,1,1/1/2001,31/1/2001,364 344,1033 537,5 618
2001,2,1/2/2001,28/2/2001,404 711,1067 092,9 316
2001,3,1/3/2001,31/3/2001,365 053,1037 329,3 811
2001,4,1/4/2001,30/4/2001,343 518,962 821,610
2001,5,1/5/2001,31/5/2001,234 652,830 570,368
2001,6,1/6/2001,30/6/2001,191 788,571 011,2 085
2001,7,1/7/2001,31/7/2001,225 872,560 968,17 355
2001,8,1/8/2001,31/8/2001,253 738,619 226,36 076
2001,9,1/9/2001,30/9/2001,225 742,517 802,1 146
2001,10,1/10/2001,31/10/2001,472 846,1313 325,9 506
2001,11,1/11/2001,30/11/2001,633 196,1389 296,21 052
2001,12,1/12/2001,31/12/2001,405 713,1188 188,13 545
2002,1,1/1/2002,31/1/2002,396 715,992 973,12 908
2002,2,1/2/2002,28/2/2002,292 899,884 693,3 646
2002,3,1/3/2002,31/3/2002,542 159,1548 856,11 696
2002,4,1/4/2002,30/4/2002,438 818,1077 751,6 840
2002,5,1/5/2002,31/5/2002,253 665,609 574,1 660
2002,6,1/6/2002,30/6/2002,202 598,463 946,6 390
2002,7,1/7/2002,31/7/2002,272 626,568 938,22 342
2002,8,1/8/2002,31/8/2002,285 068,642 991,11 854
2002,9,1/9/2002,30/9/2002,260 022,645 687,3 746
2002,10,1/10/2002,31/10/2002,410 072,1047 888,21 493
2002,11,1/11/2002,30/11/2002,471 548,969 730,15 304
2002,12,1/12/2002,31/12/2002,356 244,1003 739,10 248
2003,1,1/1/2003,31/1/2003,392 260,901 628,1 140
2003,2,1/2/2003,28/2/2003,407 248,982 281,7 909
2003,3,1/3/2003,31/3/2003,481 205,1123 172,4 656
2003,4,1/4/2003,30/4/2003,496 741,966 402,4 618
2003,5,1/5/2003,31/5/2003,278 417,615 578,3 919
2003,6,1/6/2003,30/6/2003,216 089,473 257,33 737
2003,7,1/7/2003,31/7/2003,281 065,497 998,20 431
2003,8,1/8/2003,31/8/2003,235 963,554 060,20 897
2003,9,1/9/2003,30/9/2003,260 573,546 595,3 676
2003,10,1/10/2003,31/10/2003,329 217,883 822,9 831
2003,11,1/11/2003,30/11/2003,443 049,1153 041,28 160
2003,12,1/12/2003,31/12/2003,319 818,1011 751,9 349
2004,1,1/1/2004,31/1/2004,338 283,953 294,1 126
2004,2,1/2/2004,29/2/2004,369 367,967 668,3 897
2004,3,1/3/2004,31/3/2004,497 947,1328 866,611
2004,4,1/4/2004,30/4/2004,398 104,991 236,2 183
2004,5,1/5/2004,31/5/2004,173 951,442 645,661
2004,6,1/6/2004,30/6/2004,219 877,474 663,5 005
2004,7,1/7/2004,31/7/2004,255 339,534 226,9 054
2004,8,1/8/2004,31/8/2004,216 687,507 141,13 697
2004,9,1/9/2004,30/9/2004,286 136,574 095,3 225
2004,10,1/10/2004,31/10/2004,427 664,972 208,10 283
2004,11,1/11/2004,30/11/2004,654 505,998 009,12 568
2004,12,1/12/2004,31/12/2004,414 972,1058 845,26 426
2005,1,1/1/2005,31/1/2005,433 833,952 277,-9 053
2005,2,1/2/2005,28/2/2005,391 276,804 959,18 461
2005,3,1/3/2005,31/3/2005,387 517,876 426,4 374
2005,4,1/4/2005,30/4/2005,330 683,742 418,12 203
2005,5,1/5/2005,31/5/2005,222 823,415 325,-16 188
2005,6,1/6/2005,30/6/2005,262 739,417 573,14 930
2005,7,1/7/2005,31/7/2005,181 373,371 428,11 057
2005,8,1/8/2005,31/8/2005,237 759,431 476,11 834
2005,9,1/9/2005,30/9/2005,232 325,489 235,8 266
2005,10,1/10/2005,31/10/2005,423 419,896 236,12 411
2005,11,1/11/2005,30/11/2005,628 398,1005 156,7 769
2005,12,1/12/2005,31/12/2005,342 584,912 698,5 104
2006,1,1/1/2006,31/1/2006,353 544,699 575,27 092
2006,2,1/2/2006,28/2/2006,259 242,553 309,3 735
2006,3,1/3/2006,31/3/2006,310 683,759 781,434
2006,4,1/4/2006,30/4/2006,339 064,797 321,3 068
2006,5,1/5/2006,31/5/2006,240 004,430 508,5 461
2006,6,1/6/2006,30/6/2006,255 162,425 585,3 816
2006,7,1/7/2006,31/7/2006,140 181,326 902,7 839
2006,8,1/8/2006,31/8/2006,193 922,458 606,2 932
2006,9,1/9/2006,30/9/2006,205 328,481 425,660
2006,10,1/10/2006,31/10/2006,396 005,966 416,22 688
2006,11,1/11/2006,30/11/2006,535 589,956 121,-10 128
2006,12,1/12/2006,31/12/2006,460 154,1491 733,2 268
2007,1,1/1/2007,31/1/2007,312 348,896 532,1 629
2007,2,1/2/2007,28/2/2007,380 481,998 962,11 373
2007,3,1/3/2007,31/3/2007,413 844,1173 088,1 939
2007,4,1/4/2007,30/4/2007,349 161,920 561,10 850
2007,5,1/5/2007,31/5/2007,164 534,344 829,2 037
2007,6,1/6/2007,30/6/2007,157 299,344 796,2 792
2007,7,1/7/2007,31/7/2007,165 784,363 856,1 392
2007,8,1/8/2007,31/8/2007,211 268,474 161,5 772
2007,9,1/9/2007,30/9/2007,161 161,362 911,1 105
2007,10,1/10/2007,31/10/2007,464 969,1112 872,79 365
2007,11,1/11/2007,30/11/2007,434 879,905 791,21 484
2007,12,1/12/2007,31/12/2007,252 738,806 571,2 831
2008,1,1/1/2008,31/1/2008,223 136,633 101,117
2008,2,1/2/2008,29/2/2008,280 111,718 993,4 741
2008,3,1/3/2008,31/3/2008,238 223,602 490,455
2008,4,1/4/2008,30/4/2008,294 239,704 617,59 878
2008,5,1/5/2008,31/5/2008,72 563,162 701,85 473
2008,6,1/6/2008,30/6/2008,56 883,117 251,1 108
2008,7,1/7/2008,31/7/2008,77 443,189 262,1 498
2008,8,1/8/2008,31/8/2008,91 131,155 129,2 455
2008,9,1/9/2008,30/9/2008,108 056,226 217,1 606
2008,10,1/10/2008,31/10/2008,252 449,612 712,916
2008,11,1/11/2008,30/11/2008,207 812,527 108,1 509
2008,12,1/12/2008,31/12/2008,291 866,903 103,7 439
2009,1,1/1/2009,31/1/2009,296 374,655 551,36 257
2009,2,1/2/2009,28/2/2009,245 169,499 539,15 701
2009,3,1/3/2009,31/3/2009,228 386,582 811,5 620
2009,4,1/4/2009,30/4/2009,227 667,489 350,12 338
2009,5,1/5/2009,31/5/2009,107 173,194 828,3 145
2009,6,1/6/2009,30/6/2009,75 175,141 287,1 845
2009,7,1/7/2009,31/7/2009,93 411,145 996,4 875
2009,8,1/8/2009,31/8/2009,153 268,250 330,20 747
2009,9,1/9/2009,30/9/2009,148 794,273 427,10 093
2009,10,1/10/2009,31/10/2009,264 179,532 819,20 331
2009,11,1/11/2009,30/11/2009,170 383,396 651,6 292
2009,12,1/12/2009,31/12/2009,294 862,849 834,22 171
2010,1,1/1/2010,31/1/2010,301 000,596 582,21 758
2010,2,1/2/2010,28/2/2010,245 986,525 469,5 733
2010,3,1/3/2010,31/3/2010,289 685,742 986,14 748
2010,4,1/4/2010,30/4/2010,235 757,671 934,22 147
2010,5,1/5/2010,31/5/2010,250 308,776 903,-8 272
2010,6,1/6/2010,30/6/2010,176 644,619 345,2 896
2010,7,1/7/2010,31/7/2010,110 687,341 696,3 325
2010,8,1/8/2010,31/8/2010,157 165,405 877,2 104
2010,9,1/9/2010,30/9/2010,154 399,392 383,318
2010,10,1/10/2010,31/10/2010,326 276,801 837,5 801
2010,11,1/11/2010,30/11/2010,354 238,969 931,5 633
2010,12,1/12/2010,31/12/2010,310 187,1012 431,13 944
2011,1,1/1/2011,31/1/2011,330 653,896 461,705
2011,2,1/2/2011,28/2/2011,389 569,963 762,640
2011,3,1/3/2011,31/3/2011,394 906,1031 051,956
2011,4,1/4/2011,30/4/2011,336 644,882 258,5 819
2011,5,1/5/2011,31/5/2011,302 163,795 750,3 801
2011,6,1/6/2011,30/6/2011,158 360,492 005,2 552
2011,7,1/7/2011,31/7/2011,84 774,315 547,299
2011,8,1/8/2011,31/8/2011,167 927,394 621,3 888
2011,9,1/9/2011,30/9/2011,165 398,370 725,1 592
2011,10,1/10/2011,31/10/2011,312 513,759 962,217
2011,11,1/11/2011,30/11/2011,424 506,1167 721,387
2011,12,1/12/2011,31/12/2011,396 311,1443 240,6 240
2012,1,1/1/2012,31/1/2012,334 491,887 210,849
2012,2,1/2/2012,29/2/2012,338 294,929 997,1 380
2012,3,1/3/2012,31/3/2012,392 808,1089 613,1 205
2012,4,1/4/2012,30/4/2012,186 117,590 540,350
2012,5,1/5/2012,31/5/2012,236 414,700 891,2 796
2012,6,1/6/2012,30/6/2012,115 940,385 233,5 963
2012,7,1/7/2012,31/7/2012,115 339,286 638,4 202
2012,8,1/8/2012,31/8/2012,137 073,313 391,3 658
2012,9,1/9/2012,30/9/2012,150 614,308 947,3 174
2012,10,1/10/2012,31/10/2012,424 087,967 693,33 829
2012,11,1/11/2012,30/11/2012,308 766,853 574,5 519
2012,12,1/12/2012,31/12/2012,342 679,891 007,11 155
2013,1,1/1/2013,31/1/2013,266 180,600 839,16 449
2013,2,1/2/2013,28/2/2013,184 735,465 541,8 935
2013,3,1/3/2013,31/3/2013,233 105,620 400,2 067
2013,4,1/4/2013,30/4/2013,242 335,698 653,2 765
2013,5,1/5/2013,31/5/2013,188 600,484 398,3 427
2013,6,1/6/2013,30/6/2013,116 824,288 598,2 883
2013,7,1/7/2013,31/7/2013,157 889,370 200,5 859
2013,8,1/8/2013,31/8/2013,136 274,293 630,19 211
2013,9,1/9/2013,30/9/2013,70 282,221 709,2 062
2013,10,1/10/2013,31/10/2013,488 142,1190 578,504
2013,11,1/11/2013,30/11/2013,341 112,1036 566,161
2013,12,1/12/2013,31/12/2013,441 408,1357 731,1 435
2014,1,1/1/2014,31/1/2014,350 473,870 968,126
2014,2,1/2/2014,28/2/2014,268 147,698 570,171
2014,3,1/3/2014,31/3/2014,541 530,1319 505,1 421
2014,4,1/4/2014,30/4/2014,452 016,1233 389,-1 216
2014,5,1/5/2014,31/5/2014,164 168,421 023,113
2014,6,1/6/2014,30/6/2014,140 016,316 639,1 109
2014,7,1/7/2014,31/7/2014,135 513,412 652,185
2014,8,1/8/2014,31/8/2014,95 901,275 890,14
2014,9,1/9/2014,30/9/2014,106 638,274 999,274
2014,10,1/10/2014,31/10/2014,304 701,954 310,477
2014,11,1/11/2014,30/11/2014,283 539,997 900,1 508
2014,12,1/12/2014,31/12/2014,328 176,1391 373,2 496
2015,1,1/1/2015,31/1/2015,221 183,829 389,675
2015,2,1/2/2015,28/2/2015,235 791,892 211,0
2015,3,1/3/2015,31/3/2015,229 275,889 232,25
2015,4,1/4/2015,30/4/2015,200 797,721 696,0
2015,5,1/5/2015,31/5/2015,150 400,381 650,280
2015,6,1/6/2015,30/6/2015,92 560,273 522,3
2015,7,1/7/2015,31/7/2015,60 645,172 237,0
2015,8,1/8/2015,31/8/2015,97 807,222 131,0
2015,9,1/9/2015,30/9/2015,92 151,223 613,0
2015,10,1/10/2015,31/10/2015,237 973,767 439,50
2015,11,1/11/2015,30/11/2015,273 966,893 894,0
2015,12,1/12/2015,31/12/2015,457 810,1670 839,74
2016,1,1/1/2016,31/1/2016,236 969,821 786,0
2016,2,1/2/2016,29/2/2016,179 656,650 530,0
2016,3,1/3/2016,31/3/2016,198 566,693 657,535
2016,4,1/4/2016,30/4/2016,216 568,729 928,50
2016,5,1/5/2016,31/5/2016,195 849,586 488,0
2016,6,1/6/2016,30/6/2016,89 190,239 223,0
2016,7,1/7/2016,31/7/2016,94 016,174 930,0
2016,8,1/8/2016,31/8/2016,106 515,288 465,568
2016,9,1/9/2016,30/9/2016,60 373,211 964,82
2016,10,1/10/2016,31/10/2016,493 356,1493 264,0
2016,11,1/11/2016,30/11/2016,271 268,1128 087,675
2016,12,1/12/2016,31/12/2016,511 843,1855 870,1
2017,1,1/1/2017,31/1/2017,340 958,1107 386,0
2017,2,1/2/2017,28/2/2017,277 674,964 104,0
2017,3,1/3/2017,31/3/2017,283 335,1011 103,0
2017,4,1/4/2017,30/4/2017,293 366,992 691,0
2017,5,1/5/2017,31/5/2017,150 201,524 569,0
2017,6,1/6/2017,30/6/2017,76 878,257 545,0
2017,7,1/7/2017,31/7/2017,109 999,287 223,110
2017,8,1/8/2017,31/8/2017,124 113,401 421,350
2017,9,1/9/2017,30/9/2017,85 873,264 100,0
2017,10,1/10/2017,31/10/2017,432 146,1339 892,42 049
2017,11,1/11/2017,30/11/2017,535 856,1763 276,0
2017,12,1/12/2017,31/12/2017,605 243,2033 672,7 081
2018,1,1/1/2018,31/1/2018,458 088,1402 053,8 396
2018,2,1/2/2018,28/2/2018,358 836,1072 376,0
2018,3,1/3/2018,31/3/2018,438 527,1363 422,108
2018,4,1/4/2018,30/4/2018,397 900,1179 807,6 298
2018,5,1/5/2018,31/5/2018,187 756,671 176,0
2018,6,1/6/2018,30/6/2018,92 236,310 379,0
2018,7,1/7/2018,31/7/2018,94 658,295 144,0
2018,8,1/8/2018,31/8/2018,82 597,258 535,0
2018,9,1/9/2018,30/9/2018,71 504,262 653,0
2018,10,1/10/2018,31/10/2018,417 304,1210 065,7 325
2018,11,1/11/2018,30/11/2018,421 001,1181 815,20 164
2018,12,1/12/2018,31/12/2018,557 513,1635 158,7 669
2019,1,1/1/2019,31/1/2019,652 310,1595 188,0
2019,2,1/2/2019,28/2/2019,630 953,1406 242,0
2019,3,1/3/2019,31/3/2019,544 266,1114 121,0
2019,4,1/4/2019,30/4/2019,463 168,1090 849,25
2019,5,1/5/2019,31/5/2019,273 062,660 774,0
2019,6,1/6/2019,30/6/2019,112 045,258 778,0
2019,7,1/7/2019,31/7/2019,126 356,294 172,0
2019,8,1/8/2019,31/8/2019,91 717,252 788,0
2019,9,1/9/2019,30/9/2019,69 485,217 021,0
2019,10,1/10/2019,31/10/2019,557 541,1785 946,0
2019,11,1/11/2019,30/11/2019,551 649,1894 700,0
2019,12,1/12/2019,31/12/2019,684 516,2404 245,0
2020,1,1/1/2020,31/1/2020,614 265,1520 197,0
2020,2,1/2/2020,29/2/2020,457 718,1161 239,0
2020,3,1/3/2020,31/3/2020,517 769,1164 086,0
2020,4,1/4/2020,30/4/2020,474 270,1132 632,0
2020,5,1/5/2020,31/5/2020,265 936,567 504,0
2020,6,1/6/2020,30/6/2020,160 410,311 931,0
2020,7,1/7/2020,31/7/2020,163 852,287 033,0
2020,8,1/8/2020,31/8/2020,119 612,310 875,0
2020,9,1/9/2020,30/9/2020,142 726,249 527,623
